time,open,high,low,close,vwap,volume,count
2025-10-08 23:59:00,123335.4,123335.4,123329.7,123329.7,123334.8,0.02048615,17
2025-10-09 00:00:00,123329.8,123329.8,123329.7,123329.8,123329.7,0.03717901,42
2025-10-09 00:01:00,123329.8,123342.0,123329.8,123341.9,123334.5,0.03393448,23
2025-10-09 00:02:00,123342.0,123342.0,123335.4,123335.4,123341.9,0.02405133,14
2025-10-09 00:03:00,123335.4,123335.4,123335.3,123335.4,123335.3,0.06892634,8
2025-10-09 00:04:00,123335.4,123335.4,123241.4,123241.4,123291.0,0.62065504,39
2025-10-09 00:05:00,123254.7,123254.8,123179.8,123182.7,123185.5,0.96343274,34
2025-10-09 00:06:00,123182.7,123182.7,123176.9,123177.0,123182.1,0.2701487,22
2025-10-09 00:07:00,123177.0,123177.0,123132.1,123132.1,123172.1,0.1931667,24
2025-10-09 00:08:00,123132.0,123132.1,123105.4,123105.4,123121.2,0.1995774,24
2025-10-09 00:09:00,123105.4,123105.4,123102.0,123102.1,123102.1,0.39293331,15
2025-10-09 00:10:00,123102.1,123102.1,123095.5,123102.1,123099.1,0.0823771,18
2025-10-09 00:11:00,123102.1,123102.1,123087.5,123087.5,123093.1,0.03578049,15
2025-10-09 00:12:00,123087.5,123087.5,123087.4,123087.4,123087.4,0.02720945,14
2025-10-09 00:13:00,123087.4,123087.5,123087.4,123087.5,123087.4,0.59438178,12
2025-10-09 00:14:00,123087.5,123090.0,123087.4,123090.0,123087.6,0.27632916,18
2025-10-09 00:15:00,123090.0,123120.0,123090.0,123120.0,123099.1,0.04166369,33
2025-10-09 00:16:00,123120.0,123130.1,123119.9,123130.1,123121.0,0.00528389,13
2025-10-09 00:17:00,123130.1,123130.1,123130.0,123130.1,123130.0,0.10304251,19
2025-10-09 00:18:00,123132.0,123137.5,123132.0,123137.5,123136.5,0.05234647,18
2025-10-09 00:19:00,123137.5,123201.0,123137.5,123201.0,123191.2,0.25890755,46
2025-10-09 00:20:00,123201.0,123251.7,123200.9,123240.1,123204.2,2.06199531,48
2025-10-09 00:21:00,123240.1,123240.1,123240.0,123240.1,123240.0,0.07687782,26
2025-10-09 00:22:00,123240.0,123242.7,123240.0,123242.7,123240.2,0.03938914,21
2025-10-09 00:23:00,123244.5,123261.5,123244.4,123261.5,123252.1,0.74411779,41
2025-10-09 00:24:00,123261.5,123261.5,123200.9,123201.0,123214.6,1.17487144,40
2025-10-09 00:25:00,123201.0,123201.0,123192.0,123192.1,123196.2,0.14275461,29
2025-10-09 00:26:00,123192.1,123197.0,123190.3,123190.4,123195.9,0.14782808,23
2025-10-09 00:27:00,123190.3,123190.4,123190.3,123190.4,123190.3,0.2866929,14
2025-10-09 00:28:00,123190.4,123190.4,123190.3,123190.4,123190.3,0.03690468,12
2025-10-09 00:29:00,123190.4,123190.4,123170.1,123170.1,123177.2,0.04770142,22
2025-10-09 00:30:00,123166.0,123166.0,123149.0,123149.0,123157.3,0.43579842,16
2025-10-09 00:31:00,123148.9,123148.9,123089.0,123089.1,123108.0,0.17304401,31
2025-10-09 00:32:00,123089.1,123089.1,122981.8,122981.9,123019.2,0.51163837,98
2025-10-09 00:33:00,122980.1,122980.1,122952.0,122952.1,122967.9,0.11351864,21
2025-10-09 00:34:00,122952.1,122952.1,122951.1,122951.2,122951.8,0.09113575,15
2025-10-09 00:35:00,122951.2,122951.2,122951.1,122951.2,122951.1,0.0150923,13
2025-10-09 00:36:00,122951.2,122951.2,122951.1,122951.2,122951.1,0.02133132,12
2025-10-09 00:37:00,122951.2,122951.2,122951.1,122951.2,122951.1,0.0204109,15
2025-10-09 00:38:00,122951.2,122981.8,122951.2,122981.8,122973.9,0.10195907,37
2025-10-09 00:39:00,122981.7,122981.8,122981.7,122981.8,122981.7,0.00574541,13
2025-10-09 00:40:00,122981.7,123000.0,122981.7,123000.0,122988.4,0.06171452,39
2025-10-09 00:41:00,123000.0,123009.3,122999.9,123009.2,123001.0,0.28041532,24
2025-10-09 00:42:00,123009.2,123062.8,123009.2,123062.8,123056.9,0.76148639,41
2025-10-09 00:43:00,123062.7,123062.8,123058.2,123062.8,123062.5,0.13646517,33
2025-10-09 00:44:00,123062.8,123062.8,123062.7,123062.7,123062.7,0.04836668,27
2025-10-09 00:45:00,123062.7,123062.8,123062.7,123062.8,123062.7,0.13646369,22
2025-10-09 00:46:00,123062.7,123062.8,123062.7,123062.8,123062.7,0.83875065,12
2025-10-09 00:47:00,123062.7,123087.0,123062.7,123087.0,123066.3,0.03007306,26
2025-10-09 00:48:00,123087.0,123093.9,123087.0,123093.8,123090.7,0.08057281,22
2025-10-09 00:49:00,123093.8,123093.9,123093.8,123093.9,123093.8,0.00721611,14
2025-10-09 00:50:00,123093.9,123115.6,123093.8,123115.6,123112.1,0.09352543,23
2025-10-09 00:51:00,123115.5,123115.6,123115.5,123115.6,123115.5,0.0414347,20
2025-10-09 00:52:00,123115.5,123115.6,123090.0,123090.0,123114.9,0.02941574,18
2025-10-09 00:53:00,123087.1,123087.1,123057.0,123057.0,123063.4,1.09592759,29
2025-10-09 00:54:00,123050.0,123050.0,123027.0,123027.1,123039.3,0.02421445,17
2025-10-09 00:55:00,123027.1,123027.1,123027.1,123027.1,123027.1,0.05436053,6
2025-10-09 00:56:00,123027.1,123027.1,123027.0,123027.1,123027.0,0.0130284,12
2025-10-09 00:57:00,123027.1,123027.1,123027.0,123027.1,123027.0,0.03354022,9
2025-10-09 00:58:00,123027.1,123027.1,123027.0,123027.1,123027.0,0.00654357,8
2025-10-09 00:59:00,123027.1,123027.1,122959.9,122959.9,122992.6,0.13053221,38
2025-10-09 01:00:00,122952.1,122952.1,122864.4,122864.6,122887.0,1.35467979,68
2025-10-09 01:01:00,122864.6,122864.6,122820.1,122820.1,122840.3,0.48604262,37
2025-10-09 01:02:00,122830.4,122830.5,122721.7,122721.8,122755.5,0.83220513,100
2025-10-09 01:03:00,122721.8,122721.8,122713.8,122713.9,122717.5,0.07310828,23
2025-10-09 01:04:00,122713.9,122713.9,122713.8,122713.9,122713.8,0.02732567,12
2025-10-09 01:05:00,122713.9,122713.9,122697.0,122697.2,122704.1,0.13662463,33
2025-10-09 01:06:00,122697.2,122697.2,122676.9,122676.9,122687.4,0.26627225,29
2025-10-09 01:07:00,122690.0,122697.0,122690.0,122696.1,122696.1,0.30017332,20
2025-10-09 01:08:00,122696.0,122696.1,122696.0,122696.1,122696.0,0.10687187,20
2025-10-09 01:09:00,122696.1,122696.1,122696.0,122696.1,122696.0,0.02716964,9
2025-10-09 01:10:00,122696.1,122696.1,122696.0,122696.0,122696.0,0.03990138,17
2025-10-09 01:11:00,122696.1,122697.2,122696.0,122697.2,122696.1,5.0094834,36
2025-10-09 01:12:00,122696.0,122697.2,122696.0,122697.2,122696.2,0.01774681,16
2025-10-09 01:13:00,122697.2,122741.6,122697.1,122725.7,122733.4,8.06029023,51
2025-10-09 01:14:00,122725.7,122725.7,122725.6,122725.7,122725.6,0.04135526,13
2025-10-09 01:15:00,122725.6,122725.7,122670.1,122670.1,122699.4,0.16185218,50
2025-10-09 01:16:00,122670.1,122670.1,122630.3,122630.4,122654.8,0.20817469,35
2025-10-09 01:17:00,122637.1,122748.4,122637.1,122748.4,122720.4,1.44856571,56
2025-10-09 01:18:00,122748.3,122748.3,122700.4,122700.4,122708.3,0.06170262,15
2025-10-09 01:19:00,122700.4,122700.4,122652.0,122652.1,122666.2,0.2240453,23
2025-10-09 01:20:00,122652.0,122667.0,122652.0,122667.0,122652.5,0.23016146,19
2025-10-09 01:21:00,122667.0,122667.0,122652.1,122652.1,122666.2,2.10110615,19
2025-10-09 01:22:00,122652.1,122658.7,122652.0,122652.1,122652.2,0.14461997,20
2025-10-09 01:23:00,122652.1,122664.2,122650.1,122650.1,122651.9,0.06151584,22
2025-10-09 01:24:00,122650.1,122650.1,122650.0,122650.0,122650.0,0.052311,16
2025-10-09 01:25:00,122650.1,122650.1,122650.0,122650.1,122650.0,0.01984216,9
2025-10-09 01:26:00,122650.1,122650.1,122650.0,122650.1,122650.0,0.02594583,18
2025-10-09 01:27:00,122650.1,122650.1,122650.0,122650.1,122650.0,0.0164451,13
2025-10-09 01:28:00,122650.0,122650.1,122640.1,122640.1,122649.1,0.10309145,11
2025-10-09 01:29:00,122640.0,122640.0,122531.9,122542.0,122551.0,9.750758,146
2025-10-09 01:30:00,122542.0,122542.0,122516.2,122516.3,122523.0,0.19508071,38
2025-10-09 01:31:00,122516.2,122516.3,122500.0,122516.3,122503.4,0.70536912,37
2025-10-09 01:32:00,122516.3,122516.3,122500.0,122500.1,122500.6,1.18635856,20
2025-10-09 01:33:00,122500.1,122500.1,122478.5,122483.4,122499.6,4.89959548,51
2025-10-09 01:34:00,122483.4,122483.4,122476.6,122476.6,122482.4,0.01919225,12
2025-10-09 01:35:00,122476.5,122483.4,122476.5,122483.4,122476.5,0.77725445,22
2025-10-09 01:36:00,122483.4,122505.6,122483.3,122505.5,122495.6,0.07182156,23
2025-10-09 01:37:00,122505.5,122505.5,122468.6,122468.6,122476.3,0.06763721,24
2025-10-09 01:38:00,122468.7,122468.7,122450.0,122450.1,122459.0,0.13127796,25
2025-10-09 01:39:00,122450.1,122450.1,122437.8,122442.1,122445.0,1.68348217,28
2025-10-09 01:40:00,122442.1,122442.1,122442.0,122442.1,122442.0,0.0107967,9
2025-10-09 01:41:00,122442.0,122464.2,122442.0,122464.2,122451.1,0.02624068,21
2025-10-09 01:42:00,122469.9,122470.0,122469.9,122470.0,122469.9,0.10432308,11
2025-10-09 01:43:00,122470.0,122472.0,122470.0,122472.0,122470.0,0.63288702,21
2025-10-09 01:44:00,122472.0,122472.0,122450.0,122450.1,122451.5,0.557063,21
2025-10-09 01:45:00,122450.1,122450.1,122450.0,122450.1,122450.0,0.01759428,10
2025-10-09 01:46:00,122450.1,122450.1,122450.0,122450.1,122450.0,0.03836238,20
2025-10-09 01:47:00,122450.0,122450.0,122435.2,122435.2,122439.0,0.37840203,19
2025-10-09 01:48:00,122435.3,122450.1,122435.3,122450.1,122449.9,0.30787513,13
2025-10-09 01:49:00,122450.1,122450.1,122450.0,122450.1,122450.0,0.00895097,14
2025-10-09 01:50:00,122450.1,122450.1,122437.8,122437.9,122442.9,0.07043412,29
2025-10-09 01:51:00,122437.9,122437.9,122437.8,122437.9,122437.8,0.08346099,10
2025-10-09 01:52:00,122437.9,122437.9,122437.8,122437.9,122437.8,0.01382571,15
2025-10-09 01:53:00,122437.8,122437.9,122437.8,122437.9,122437.8,0.01433306,17
2025-10-09 01:54:00,122437.9,122437.9,122437.9,122437.9,122437.9,0.01745722,3
2025-10-09 01:55:00,122437.8,122449.9,122437.8,122449.9,122442.0,0.0549363,28
2025-10-09 01:56:00,122449.9,122450.1,122449.9,122450.1,122449.9,0.02695117,20
2025-10-09 01:57:00,122457.0,122487.0,122457.0,122487.0,122469.2,0.0556452,23
2025-10-09 01:58:00,122486.9,122502.0,122486.9,122502.0,122492.7,0.03723125,19
2025-10-09 01:59:00,122502.0,122514.7,122502.0,122514.7,122510.7,0.02145547,13
2025-10-09 02:00:00,122514.7,122536.6,122514.6,122536.6,122517.7,0.11988716,44
2025-10-09 02:01:00,122536.6,122536.6,122516.8,122516.9,122530.2,0.15716968,30
2025-10-09 02:02:00,122516.8,122516.8,122395.3,122395.3,122445.5,0.31084252,66
2025-10-09 02:03:00,122395.2,122395.2,122380.4,122380.5,122385.5,0.06191483,21
2025-10-09 02:04:00,122380.5,122380.5,122380.4,122380.5,122380.4,0.4500363,20
2025-10-09 02:05:00,122380.5,122380.5,122280.4,122280.4,122346.5,1.66111632,81
2025-10-09 02:06:00,122280.3,122280.4,122280.3,122280.3,122280.3,0.23849472,17
2025-10-09 02:07:00,122280.3,122280.4,122255.8,122255.8,122279.7,2.52551719,47
2025-10-09 02:08:00,122255.8,122255.8,122107.2,122157.1,122139.2,3.61074416,132
2025-10-09 02:09:00,122157.1,122157.1,122142.0,122157.0,122156.6,0.32908281,21
2025-10-09 02:10:00,122157.0,122294.1,122157.0,122291.2,122288.5,12.4974212,79
2025-10-09 02:11:00,122291.2,122291.2,122291.1,122291.2,122291.1,0.06498892,18
2025-10-09 02:12:00,122291.2,122291.2,122291.1,122291.2,122291.1,0.01322978,12
2025-10-09 02:13:00,122299.9,122301.0,122299.9,122300.9,122300.1,0.06515752,15
2025-10-09 02:14:00,122301.0,122301.0,122300.9,122301.0,122300.9,0.00589512,16
2025-10-09 02:15:00,122300.9,122306.9,122300.9,122306.8,122304.2,0.13454394,20
2025-10-09 02:16:00,122306.9,122306.9,122306.8,122306.9,122306.8,0.04989136,24
2025-10-09 02:17:00,122306.9,122306.9,122300.9,122301.0,122301.2,0.71981437,20
2025-10-09 02:18:00,122300.9,122300.9,122105.0,122105.0,122188.7,4.13414957,100
2025-10-09 02:19:00,122105.1,122105.1,122087.1,122087.2,122100.3,1.95111099,33
2025-10-09 02:20:00,122087.1,122087.2,122082.0,122082.0,122086.2,0.02755964,17
2025-10-09 02:21:00,122082.1,122100.0,122082.0,122100.0,122086.2,0.08253882,23
2025-10-09 02:22:00,122100.0,122100.0,122099.9,122100.0,122099.9,0.10190925,14
2025-10-09 02:23:00,122100.0,122100.0,122082.0,122082.1,122088.6,0.02710619,14
2025-10-09 02:24:00,122082.1,122082.1,122082.0,122082.0,122082.0,0.03070329,14
2025-10-09 02:25:00,122082.1,122082.1,122082.0,122082.0,122082.0,0.03662165,20
2025-10-09 02:26:00,122082.1,122095.4,122082.0,122095.4,122092.3,0.01529261,15
2025-10-09 02:27:00,122095.4,122095.4,122095.3,122095.4,122095.3,0.00273964,9
2025-10-09 02:28:00,122095.3,122095.3,122001.0,122001.1,122021.8,0.62667152,69
2025-10-09 02:29:00,122001.1,122012.0,122001.0,122012.0,122002.9,0.02159392,20
2025-10-09 02:30:00,122012.0,122020.1,122011.9,122020.1,122011.9,0.01764523,17
2025-10-09 02:31:00,122022.0,122052.0,122021.9,122051.9,122048.9,0.12378885,21
2025-10-09 02:32:00,122052.0,122097.6,122051.9,122097.5,122081.1,0.04338559,24
2025-10-09 02:33:00,122082.1,122082.1,122082.0,122082.0,122082.0,0.00627821,11
2025-10-09 02:34:00,122082.1,122082.1,122040.1,122040.1,122068.9,0.0602611,25
2025-10-09 02:35:00,122040.1,122040.1,122039.6,122039.7,122039.8,0.18888367,21
2025-10-09 02:36:00,122039.7,122039.7,122001.0,122001.1,122004.7,0.52971646,26
2025-10-09 02:37:00,122001.0,122001.0,122000.0,122000.1,122000.0,0.01309619,11
2025-10-09 02:38:00,122000.1,122000.1,122000.0,122000.1,122000.0,3.71138743,66
2025-10-09 02:39:00,122000.0,122000.1,121932.1,121932.1,121987.4,1.94737468,71
2025-10-09 02:40:00,121932.0,121932.1,121926.1,121926.2,121929.3,0.05488524,21
2025-10-09 02:41:00,121926.1,121926.2,121875.4,121875.5,121898.4,0.24218306,52
2025-10-09 02:42:00,121875.4,121875.4,121765.2,121765.3,121825.4,0.61066967,90
2025-10-09 02:43:00,121765.3,121765.3,121692.2,121732.1,121729.7,0.42106389,77
2025-10-09 02:44:00,121732.1,121732.1,121720.1,121720.2,121731.2,0.22631214,40
2025-10-09 02:45:00,121720.7,121741.4,121720.7,121741.4,121737.3,0.11441091,37
2025-10-09 02:46:00,121741.4,121741.4,121707.0,121707.1,121711.5,0.11660216,31
2025-10-09 02:47:00,121707.1,121716.3,121707.0,121707.1,121707.5,0.20186895,24
2025-10-09 02:48:00,121707.0,121707.1,121707.0,121707.1,121707.0,0.01366309,12
2025-10-09 02:49:00,121707.1,121707.1,121664.2,121664.2,121674.5,1.50703025,44
2025-10-09 02:50:00,121663.0,121692.0,121663.0,121692.0,121679.3,0.03579654,13
2025-10-09 02:51:00,121692.0,121707.0,121692.0,121707.0,121700.0,0.01297479,16
2025-10-09 02:52:00,121707.0,121707.1,121707.0,121707.1,121707.0,0.04651071,11
2025-10-09 02:53:00,121707.1,121707.1,121707.0,121707.1,121707.0,0.01164589,8
2025-10-09 02:54:00,121707.1,121707.1,121633.8,121633.9,121671.7,0.78737787,49
2025-10-09 02:55:00,121633.9,121633.9,121633.8,121633.9,121633.8,0.05105739,15
2025-10-09 02:56:00,121633.8,121633.9,121576.8,121576.8,121630.8,2.40921255,67
2025-10-09 02:57:00,121576.8,121576.8,121576.7,121576.8,121576.7,0.02836406,8
2025-10-09 02:58:00,121576.8,121602.0,121576.8,121602.0,121601.4,0.13078937,24
2025-10-09 02:59:00,121602.0,121624.9,121601.9,121624.9,121604.3,0.21024678,24
2025-10-09 03:00:00,121624.9,121707.0,121624.9,121707.0,121666.6,0.2088835,64
2025-10-09 03:01:00,121707.0,121837.4,121707.0,121837.4,121795.9,0.9478129,64
2025-10-09 03:02:00,121820.1,121907.5,121820.1,121904.0,121880.4,0.81782696,41
2025-10-09 03:03:00,121904.0,121904.0,121782.0,121782.0,121806.3,1.79245696,45
2025-10-09 03:04:00,121782.1,121819.9,121782.0,121819.9,121807.5,0.04542053,20
2025-10-09 03:05:00,121826.9,121827.0,121824.9,121824.9,121826.0,0.36977987,25
2025-10-09 03:06:00,121824.9,121872.0,121824.9,121872.0,121831.6,0.26179973,25
2025-10-09 03:07:00,121871.9,121975.2,121871.9,121936.8,121949.9,0.83698848,52
2025-10-09 03:08:00,121936.8,121978.7,121936.7,121936.8,121970.2,0.58105324,43
2025-10-09 03:09:00,121936.8,121936.8,121917.0,121917.1,121931.6,0.04315851,15
2025-10-09 03:10:00,121917.0,121917.1,121917.0,121917.1,121917.0,0.06710056,16
2025-10-09 03:11:00,121917.0,121917.1,121917.0,121917.1,121917.0,0.0239273,10
2025-10-09 03:12:00,121917.0,121917.1,121917.0,121917.1,121917.0,0.01106413,18
2025-10-09 03:13:00,121917.1,121919.0,121917.0,121917.1,121918.5,0.08915237,22
2025-10-09 03:14:00,121917.1,121917.1,121917.0,121917.1,121917.0,0.05485077,14
2025-10-09 03:15:00,121917.1,121917.1,121917.0,121917.0,121917.0,0.01107019,12
2025-10-09 03:16:00,121917.1,121947.4,121917.0,121947.4,121945.5,0.30720519,23
2025-10-09 03:17:00,121947.4,121956.0,121947.4,121956.0,121955.3,0.02500651,16
2025-10-09 03:18:00,121956.0,121996.2,121956.0,121996.1,121992.3,5.04692954,45
2025-10-09 03:19:00,121996.2,121996.2,121996.1,121996.2,121996.1,0.00930367,18
2025-10-09 03:20:00,121996.2,121996.2,121996.1,121996.2,121996.1,0.02761574,15
2025-10-09 03:21:00,121996.2,121996.2,121996.1,121996.2,121996.1,0.04481059,25
2025-10-09 03:22:00,121996.2,122055.9,121996.2,122055.9,122026.8,0.10466375,41
2025-10-09 03:23:00,122055.9,122055.9,122055.8,122055.9,122055.8,0.08076188,14
2025-10-09 03:24:00,122055.9,122055.9,122055.8,122055.9,122055.8,0.00695217,7
2025-10-09 03:25:00,122055.9,122055.9,122055.8,122055.9,122055.8,0.02901226,18
2025-10-09 03:26:00,122055.9,122055.9,122000.0,122000.0,122038.6,0.24328986,26
2025-10-09 03:27:00,121992.9,121992.9,121992.0,121992.1,121992.3,0.00897133,9
2025-10-09 03:28:00,121992.1,122000.0,121992.1,122000.0,121999.7,0.05834184,13
2025-10-09 03:29:00,122000.0,122022.0,121999.9,122021.9,122007.2,0.04757687,29
2025-10-09 03:30:00,122021.9,122036.7,122021.9,122033.2,122033.7,0.03094221,24
2025-10-09 03:31:00,122033.3,122033.3,122033.2,122033.3,122033.2,0.03541209,18
2025-10-09 03:32:00,122033.3,122033.3,122005.2,122005.2,122010.8,1.03730789,31
2025-10-09 03:33:00,122005.6,122073.2,122005.6,122067.0,122066.8,1.10555048,48
2025-10-09 03:34:00,122067.0,122067.0,122062.2,122062.3,122064.3,0.13590652,17
2025-10-09 03:35:00,122062.3,122063.9,122062.2,122062.3,122062.3,0.05151576,9
2025-10-09 03:36:00,122062.3,122065.1,122062.3,122062.3,122062.3,0.02745958,20
2025-10-09 03:37:00,122062.3,122062.3,122062.2,122062.2,122062.2,0.03254908,20
2025-10-09 03:38:00,122062.3,122062.3,122062.2,122062.3,122062.2,0.1095508,14
2025-10-09 03:39:00,122062.3,122062.3,122050.2,122050.2,122053.4,1.65546802,39
2025-10-09 03:40:00,122050.3,122056.6,122050.3,122056.6,122056.2,0.8628849,26
2025-10-09 03:41:00,122057.6,122057.6,122037.0,122040.1,122042.3,0.84654915,27
2025-10-09 03:42:00,122040.1,122040.1,122040.0,122040.1,122040.0,0.02672025,14
2025-10-09 03:43:00,122040.0,122040.1,122007.0,122007.0,122021.7,0.04807227,22
2025-10-09 03:44:00,122007.1,122007.1,122007.0,122007.0,122007.0,0.01971758,10
2025-10-09 03:45:00,122007.1,122007.1,122007.1,122007.1,122007.1,0.1120634,7
2025-10-09 03:46:00,122007.1,122020.0,122007.1,122010.1,122010.9,0.01730561,17
2025-10-09 03:47:00,122010.1,122010.1,122010.0,122010.1,122010.0,0.04159172,13
2025-10-09 03:48:00,122010.0,122022.0,122010.0,122022.0,122011.0,0.04845221,16
2025-10-09 03:49:00,122022.0,122031.4,122021.9,122031.4,122022.1,0.0134049,15
2025-10-09 03:50:00,122031.4,122031.4,122031.4,122031.4,122031.4,0.02418464,8
2025-10-09 03:51:00,122031.4,122031.4,122031.3,122031.4,122031.3,0.02136824,12
2025-10-09 03:52:00,122031.4,122031.4,122031.3,122031.4,122031.3,0.00774007,12
2025-10-09 03:53:00,122031.4,122031.4,122031.3,122031.4,122031.3,0.0451608,12
2025-10-09 03:54:00,122031.4,122037.0,122031.4,122037.0,122033.5,0.02058519,17
2025-10-09 03:55:00,122037.0,122042.6,122037.0,122042.6,122040.3,0.00524972,17
2025-10-09 03:56:00,122042.5,122052.0,122042.5,122052.0,122043.0,0.17880462,23
2025-10-09 03:57:00,122052.0,122054.6,122051.9,122054.6,122053.3,0.05251947,21
2025-10-09 03:58:00,122054.6,122060.1,122054.5,122060.1,122058.9,0.02288878,18
2025-10-09 03:59:00,122060.1,122060.1,122060.0,122060.1,122060.0,0.14287329,19
2025-10-09 04:00:00,122060.1,122060.1,122060.0,122060.0,122060.0,0.14525331,49
2025-10-09 04:01:00,122060.1,122060.1,122060.0,122060.0,122060.0,0.15707885,27
2025-10-09 04:02:00,122060.1,122060.1,122060.0,122060.1,122060.0,0.01786775,17
2025-10-09 04:03:00,122060.1,122060.1,122007.1,122007.1,122038.1,0.6258922,38
2025-10-09 04:04:00,122007.0,122007.1,122007.0,122007.1,122007.0,0.0297268,21
2025-10-09 04:05:00,122007.1,122007.1,122007.0,122007.0,122007.0,0.113151,20
2025-10-09 04:06:00,122007.1,122007.1,122007.0,122007.0,122007.0,0.03728705,19
2025-10-09 04:07:00,122007.0,122007.1,122007.0,122007.0,122007.0,0.1649177,13
2025-10-09 04:08:00,122007.0,122007.1,122007.0,122007.1,122007.0,0.0116338,12
2025-10-09 04:09:00,122007.1,122007.1,122000.0,122000.1,122002.2,0.0525617,17
2025-10-09 04:10:00,122000.1,122000.1,121950.8,121969.8,121963.6,0.32259385,39
2025-10-09 04:11:00,121969.9,121969.9,121969.8,121969.9,121969.8,0.01311864,8
2025-10-09 04:12:00,121969.9,121969.9,121969.8,121969.9,121969.8,0.4573429,11
2025-10-09 04:13:00,121969.9,121969.9,121969.8,121969.8,121969.8,0.00496296,8
2025-10-09 04:14:00,121969.9,121969.9,121969.8,121969.8,121969.8,0.06522812,13
2025-10-09 04:15:00,121969.9,121969.9,121969.8,121969.8,121969.8,0.03449064,12
2025-10-09 04:16:00,121969.9,121969.9,121969.8,121969.9,121969.8,0.04972379,16
2025-10-09 04:17:00,121969.9,121989.8,121969.8,121989.8,121982.0,5.09384677,32
2025-10-09 04:18:00,121989.9,121992.0,121989.9,121991.9,121991.8,1.31133447,23
2025-10-09 04:19:00,121992.0,122007.0,121991.9,122006.9,121999.6,2.13662108,19
2025-10-09 04:20:00,122006.9,122081.9,122006.9,122081.8,122042.6,0.16940088,30
2025-10-09 04:21:00,122081.9,122100.0,122081.9,122100.0,122099.4,0.88611486,29
2025-10-09 04:22:00,122100.0,122112.0,122099.9,122112.0,122100.2,1.38918057,21
2025-10-09 04:23:00,122112.0,122187.0,122112.0,122187.0,122148.2,0.14349481,45
2025-10-09 04:24:00,122187.0,122225.5,122187.0,122225.4,122199.6,0.09893624,35
2025-10-09 04:25:00,122225.5,122244.3,122225.5,122244.3,122230.4,0.05564716,27
2025-10-09 04:26:00,122244.3,122248.9,122244.3,122248.9,122245.5,0.0430904,20
2025-10-09 04:27:00,122248.9,122248.9,122248.8,122248.8,122248.8,0.01943005,13
2025-10-09 04:28:00,122248.8,122250.8,122248.8,122250.8,122249.1,0.02595147,13
2025-10-09 04:29:00,122250.9,122250.9,122250.8,122250.9,122250.8,0.1253778,14
2025-10-09 04:30:00,122250.9,122250.9,122250.8,122250.9,122250.8,0.04802222,16
2025-10-09 04:31:00,122250.9,122250.9,122250.8,122250.9,122250.8,0.04165188,13
2025-10-09 04:32:00,122250.9,122250.9,122250.8,122250.9,122250.8,0.00570668,6
2025-10-09 04:33:00,122250.9,122250.9,122232.0,122232.1,122250.7,0.35352505,24
2025-10-09 04:34:00,122232.0,122232.0,122202.0,122202.1,122221.0,0.08528066,29
2025-10-09 04:35:00,122202.0,122202.1,122202.0,122202.0,122202.0,0.04412206,12
2025-10-09 04:36:00,122202.1,122202.1,122142.0,122142.0,122182.2,0.38852502,34
2025-10-09 04:37:00,122142.0,122142.0,122127.0,122127.0,122133.5,0.01983257,13
2025-10-09 04:38:00,122127.1,122127.1,122097.4,122097.5,122106.1,0.14586031,19
2025-10-09 04:39:00,122097.5,122097.5,122097.4,122097.5,122097.4,0.02032751,14
2025-10-09 04:40:00,122097.5,122097.5,122097.4,122097.4,122097.4,0.01759996,9
2025-10-09 04:41:00,122097.4,122097.5,122097.4,122097.4,122097.4,0.52104786,8
2025-10-09 04:42:00,122097.5,122097.5,122097.0,122097.1,122097.1,0.03680571,11
2025-10-09 04:43:00,122097.1,122097.1,122082.0,122082.0,122094.5,0.01574689,13
2025-10-09 04:44:00,122082.1,122082.1,122082.1,122082.1,122082.1,0.00176147,6
2025-10-09 04:45:00,122082.1,122082.1,122082.0,122082.1,122082.0,0.01195787,15
2025-10-09 04:46:00,122082.1,122089.4,122082.0,122089.4,122082.5,0.02722983,17
2025-10-09 04:47:00,122089.4,122120.3,122089.4,122115.6,122107.7,16.18245103,37
2025-10-09 04:48:00,122115.6,122115.6,122097.0,122097.1,122098.5,0.00963942,11
2025-10-09 04:49:00,122097.1,122097.1,122097.0,122097.0,122097.0,0.03363422,11
2025-10-09 04:50:00,122097.1,122097.1,122097.0,122097.1,122097.0,0.00621951,11
2025-10-09 04:51:00,122097.1,122167.1,122097.1,122167.1,122146.2,0.10607122,28
2025-10-09 04:52:00,122167.0,122167.1,122167.0,122167.1,122167.0,0.00268818,6
2025-10-09 04:53:00,122167.0,122167.1,122167.0,122167.0,122167.0,1.49617535,22
2025-10-09 04:54:00,122167.1,122167.1,122167.0,122167.1,122167.0,0.0421724,11
2025-10-09 04:55:00,122167.1,122169.9,122167.0,122169.9,122167.1,0.04395959,13
2025-10-09 04:56:00,122169.9,122169.9,122167.0,122167.0,122167.1,0.02605988,11
2025-10-09 04:57:00,122167.1,122167.1,122167.0,122167.1,122167.0,0.03574283,9
2025-10-09 04:58:00,122167.0,122167.1,122167.0,122167.1,122167.0,0.08482725,6
2025-10-09 04:59:00,122167.1,122167.1,122167.1,122167.1,122167.1,0.08098999,9
2025-10-09 05:00:00,122167.1,122169.2,122167.0,122169.2,122167.8,0.09394,30
2025-10-09 05:01:00,122167.1,122167.1,122167.0,122167.1,122167.0,0.02439986,6
2025-10-09 05:02:00,122167.1,122167.1,122167.0,122167.0,122167.0,0.04791171,6
2025-10-09 05:03:00,122167.1,122167.1,122167.0,122167.1,122167.0,0.01061254,20
2025-10-09 05:04:00,122167.1,122192.2,122167.0,122192.1,122186.8,0.19876531,34
2025-10-09 05:05:00,122192.1,122192.2,122192.1,122192.2,122192.1,0.06528492,14
2025-10-09 05:06:00,122192.2,122199.4,122192.2,122199.4,122197.3,0.00864646,12
2025-10-09 05:07:00,122199.4,122199.4,122199.4,122199.4,122199.4,0.17550531,7
2025-10-09 05:08:00,122199.4,122199.4,122199.3,122199.4,122199.3,0.00254484,7
2025-10-09 05:09:00,122199.4,122199.4,122199.3,122199.3,122199.3,0.02969125,13
2025-10-09 05:10:00,122199.4,122199.4,122199.3,122199.4,122199.3,0.01563289,12
2025-10-09 05:11:00,122199.3,122199.4,122199.3,122199.4,122199.3,0.04489123,4
2025-10-09 05:12:00,122199.4,122199.4,122167.0,122167.0,122170.9,0.09628677,16
2025-10-09 05:13:00,122167.0,122167.1,122167.0,122167.1,122167.0,0.00579593,12
2025-10-09 05:14:00,122167.1,122167.1,121980.0,121980.0,122052.1,3.22438039,120
2025-10-09 05:15:00,121980.0,121980.0,121980.0,121980.0,121980.0,0.06037104,5
2025-10-09 05:16:00,121980.0,121980.0,121977.1,121977.1,121979.5,0.02774894,14
2025-10-09 05:17:00,121977.1,121977.2,121977.1,121977.2,121977.1,0.01388572,5
2025-10-09 05:18:00,121977.2,121977.2,121977.0,121977.0,121977.0,0.01025746,13
2025-10-09 05:19:00,121977.1,121977.1,121977.0,121977.1,121977.0,0.00241319,6
2025-10-09 05:20:00,121977.0,121977.1,121977.0,121977.1,121977.0,0.01080397,12
2025-10-09 05:21:00,121977.1,121977.1,121977.0,121977.1,121977.0,0.00782186,14
2025-10-09 05:22:00,121977.1,121977.1,121962.1,121962.2,121965.7,0.04738914,23
2025-10-09 05:23:00,121962.2,121962.2,121906.9,121907.1,121933.9,0.10879049,32
2025-10-09 05:24:00,121907.1,121932.0,121907.0,121932.0,121913.8,0.04243884,33
2025-10-09 05:25:00,121932.0,121932.0,121907.4,121909.6,121912.4,3.03971532,28
2025-10-09 05:26:00,121909.5,121909.6,121909.5,121909.6,121909.5,0.00223058,7
2025-10-09 05:27:00,121909.6,121909.6,121909.5,121909.6,121909.5,0.01631796,14
2025-10-09 05:28:00,121909.5,121940.0,121909.5,121940.0,121920.1,0.024931,20
2025-10-09 05:29:00,121940.0,121980.0,121939.9,121980.0,121972.1,0.13296406,43
2025-10-09 05:30:00,121980.0,121980.0,121980.0,121980.0,121980.0,0.00245564,10
2025-10-09 05:31:00,121980.0,122063.5,121980.0,122063.5,121996.7,5.15982376,110
2025-10-09 05:32:00,122063.5,122143.2,122063.5,122142.9,122113.8,0.52403458,60
2025-10-09 05:33:00,122143.0,122143.0,122127.0,122127.1,122132.9,0.03073162,26
2025-10-09 05:34:00,122127.1,122127.1,122082.0,122082.1,122107.8,0.06708198,35
2025-10-09 05:35:00,122082.1,122082.1,122067.0,122067.1,122079.3,0.06866339,17
2025-10-09 05:36:00,122067.1,122067.1,121983.1,121983.1,122032.3,0.15172338,41
2025-10-09 05:37:00,121983.2,121983.2,121932.0,121932.1,121965.1,0.16294298,50
2025-10-09 05:38:00,121932.0,121986.0,121932.0,121986.0,121948.1,0.18374119,29
2025-10-09 05:39:00,121986.1,121986.1,121982.4,121982.4,121984.9,0.08535018,13
2025-10-09 05:40:00,121982.3,122011.3,121982.3,122011.3,121994.8,0.05549244,23
2025-10-09 05:41:00,122011.3,122035.5,122011.2,122035.4,122023.8,0.02351481,17
2025-10-09 05:42:00,122035.5,122035.5,122035.4,122035.5,122035.4,0.00555061,11
2025-10-09 05:43:00,122035.5,122035.5,122035.4,122035.5,122035.4,0.00996195,6
2025-10-09 05:44:00,122035.5,122035.5,122035.4,122035.5,122035.4,0.10450532,22
2025-10-09 05:45:00,122035.5,122035.5,122007.0,122007.0,122027.1,0.12761945,29
2025-10-09 05:46:00,122000.0,122000.0,121912.1,121932.0,121915.6,2.67411834,60
2025-10-09 05:47:00,121932.0,122010.1,121932.0,122010.1,121985.5,0.24846448,32
2025-10-09 05:48:00,122010.1,122019.9,122010.1,122019.9,122011.2,0.03128416,16
2025-10-09 05:49:00,122019.8,122022.0,122019.1,122021.9,122020.6,0.00820589,12
2025-10-09 05:50:00,122022.0,122035.5,122022.0,122035.5,122030.8,0.02827168,17
2025-10-09 05:51:00,122035.4,122035.5,122005.1,122024.7,122015.8,0.14107359,26
2025-10-09 05:52:00,122024.7,122024.7,122007.0,122007.1,122007.4,0.00425436,11
2025-10-09 05:53:00,122007.1,122021.9,122007.1,122021.9,122021.8,4.10615843,47
2025-10-09 05:54:00,122021.9,122022.0,122021.9,122021.9,122021.9,0.52483388,18
2025-10-09 05:55:00,122021.9,122022.0,122021.9,122022.0,122021.9,0.10227191,20
2025-10-09 05:56:00,122021.9,122026.0,122021.9,122026.0,122022.0,0.02462435,17
2025-10-09 05:57:00,122026.0,122037.0,122026.0,122037.0,122026.0,4.10426208,19
2025-10-09 05:58:00,122037.0,122081.9,122037.0,122081.9,122046.5,0.0613916,48
2025-10-09 05:59:00,122081.8,122082.0,122081.8,122081.9,122081.8,0.10359264,16
2025-10-09 06:00:00,122082.0,122112.0,122082.0,122112.0,122111.3,0.852451,72
2025-10-09 06:01:00,122115.7,122115.7,122111.9,122111.9,122113.0,0.03936858,13
2025-10-09 06:02:00,122112.0,122112.0,122097.0,122097.0,122108.5,0.02105566,12
2025-10-09 06:03:00,122097.0,122097.0,122074.9,122074.9,122081.0,0.06877322,31
2025-10-09 06:04:00,122074.8,122074.9,122064.8,122064.8,122069.5,0.03012926,23
2025-10-09 06:05:00,122074.9,122074.9,122047.9,122059.0,122053.8,0.41253471,64
2025-10-09 06:06:00,122059.0,122112.0,122059.0,122112.0,122088.9,0.51367536,51
2025-10-09 06:07:00,122109.9,122109.9,122100.0,122100.0,122108.8,0.06669745,17
2025-10-09 06:08:00,122100.1,122100.1,122100.0,122100.0,122100.0,0.04556611,5
2025-10-09 06:09:00,122100.0,122100.0,122028.0,122028.0,122081.4,0.22727064,33
2025-10-09 06:10:00,122028.0,122028.1,122021.9,122021.9,122026.4,0.05066757,24
2025-10-09 06:11:00,122022.0,122022.0,122021.9,122022.0,122021.9,0.0482947,14
2025-10-09 06:12:00,122021.9,122022.0,122021.9,122022.0,122021.9,0.13591686,11
2025-10-09 06:13:00,122022.0,122022.0,122021.9,122021.9,122021.9,0.06794184,23
2025-10-09 06:14:00,122021.9,122022.0,122021.9,122022.0,122021.9,1.00569036,11
2025-10-09 06:15:00,122021.9,122022.0,122021.9,122022.0,122021.9,0.04156458,12
2025-10-09 06:16:00,122022.0,122044.7,122022.0,122044.7,122031.6,0.02649238,19
2025-10-09 06:17:00,122044.7,122044.7,122021.9,122022.0,122033.1,0.18705193,20
2025-10-09 06:18:00,122022.0,122022.0,122021.9,122022.0,122021.9,0.01459757,5
2025-10-09 06:19:00,122021.9,122022.0,122021.9,122022.0,122021.9,0.00952118,7
2025-10-09 06:20:00,122021.9,122021.9,121992.0,121992.1,122015.3,0.64768188,43
2025-10-09 06:21:00,121992.1,121992.1,121992.0,121992.0,121992.0,0.01282221,12
2025-10-09 06:22:00,121992.1,121992.1,121992.0,121992.0,121992.0,0.36285504,64
2025-10-09 06:23:00,121992.1,121999.1,121990.0,121999.1,121993.4,0.05007636,18
2025-10-09 06:24:00,121999.0,122006.5,121999.0,122006.5,121999.7,0.01098144,21
2025-10-09 06:25:00,122006.5,122022.0,122006.5,122022.0,122015.1,0.02627252,22
2025-10-09 06:26:00,122023.8,122027.1,122023.8,122027.1,122026.6,0.02770548,14
2025-10-09 06:27:00,122027.1,122134.6,122027.1,122134.5,122127.8,2.6850747,55
2025-10-09 06:28:00,122134.5,122157.0,122129.2,122140.1,122131.0,2.71165524,61
2025-10-09 06:29:00,122127.2,122127.2,122127.1,122127.1,122127.1,0.05783116,8
2025-10-09 06:30:00,122127.1,122127.1,122127.0,122127.1,122127.0,1.15358496,25
2025-10-09 06:31:00,122127.2,122142.0,122127.2,122142.0,122136.8,0.01325466,26
2025-10-09 06:32:00,122143.6,122160.4,122143.6,122160.4,122159.7,0.11934463,21
2025-10-09 06:33:00,122160.4,122160.4,122118.2,122118.2,122150.9,0.30635712,34
2025-10-09 06:34:00,122120.7,122120.7,122112.0,122112.1,122112.1,0.0800624,11
2025-10-09 06:35:00,122112.1,122112.1,122112.0,122112.0,122112.0,0.02318962,10
2025-10-09 06:36:00,122112.1,122120.6,122112.1,122120.6,122118.4,0.00872707,15
2025-10-09 06:37:00,122120.6,122120.6,122120.5,122120.5,122120.5,0.02571097,14
2025-10-09 06:38:00,122120.6,122120.6,122120.5,122120.6,122120.5,0.03319348,11
2025-10-09 06:39:00,122120.5,122120.6,122120.5,122120.6,122120.5,0.02411205,10
2025-10-09 06:40:00,122120.6,122120.6,122120.5,122120.6,122120.5,0.30980781,20
2025-10-09 06:41:00,122120.6,122120.6,122120.5,122120.6,122120.5,0.05642975,16
2025-10-09 06:42:00,122120.6,122120.6,122120.6,122120.6,122120.6,0.01990617,11
2025-10-09 06:43:00,122120.6,122120.6,122120.5,122120.6,122120.5,0.00979688,10
2025-10-09 06:44:00,122120.6,122120.6,122120.5,122120.6,122120.5,0.02550334,9
2025-10-09 06:45:00,122120.6,122120.6,122120.5,122120.6,122120.5,0.0171697,5
2025-10-09 06:46:00,122120.6,122120.6,122120.5,122120.6,122120.5,0.00481004,5
2025-10-09 06:47:00,122120.6,122120.6,122120.6,122120.6,122120.6,0.00436474,5
2025-10-09 06:48:00,122120.6,122120.6,122120.6,122120.6,122120.6,0.06327031,4
2025-10-09 06:49:00,122120.6,122120.6,122120.5,122120.5,122120.5,0.17979997,27
2025-10-09 06:50:00,122120.5,122120.6,122120.5,122120.6,122120.5,0.00416198,3
2025-10-09 06:51:00,122120.6,122120.6,122120.5,122120.6,122120.5,0.05185193,5
2025-10-09 06:52:00,122120.5,122120.5,122052.0,122052.0,122105.5,0.38963879,33
2025-10-09 06:53:00,122052.0,122052.0,122011.4,122011.5,122025.1,0.06441023,25
2025-10-09 06:54:00,122011.5,122011.5,122007.0,122007.1,122009.6,0.02899177,12
2025-10-09 06:55:00,122007.1,122007.1,122007.1,122007.1,122007.1,0.00743104,7
2025-10-09 06:56:00,122007.0,122007.0,122000.0,122000.1,122004.4,0.0378352,18
2025-10-09 06:57:00,122000.1,122000.1,122000.1,122000.1,122000.1,0.00507397,4
2025-10-09 06:58:00,122000.1,122000.1,122000.0,122000.0,122000.0,6.01812217,25
2025-10-09 06:59:00,122000.1,122000.1,122000.0,122000.0,122000.0,0.05778997,6
2025-10-09 07:00:00,122000.1,122000.1,122000.0,122000.1,122000.0,0.01359403,33
2025-10-09 07:01:00,122000.1,122000.1,122000.0,122000.0,122000.0,0.01136404,8
2025-10-09 07:02:00,122000.0,122000.1,122000.0,122000.1,122000.0,0.29375898,30
2025-10-09 07:03:00,122000.1,122020.0,122000.1,122020.0,122010.3,0.00578044,13
2025-10-09 07:04:00,122020.0,122024.5,122020.0,122024.5,122021.9,0.03941574,11
2025-10-09 07:05:00,122024.4,122024.5,122024.4,122024.5,122024.4,1.0363532,15
2025-10-09 07:06:00,122024.4,122024.5,122024.3,122024.3,122024.4,0.7245917,13
2025-10-09 07:07:00,122024.3,122024.3,122024.2,122024.3,122024.2,0.00682346,8
2025-10-09 07:08:00,122024.3,122024.3,122024.2,122024.2,122024.2,0.00957681,6
2025-10-09 07:09:00,122024.2,122024.3,122024.2,122024.3,122024.2,0.04622834,11
2025-10-09 07:10:00,122024.3,122024.4,122010.3,122024.4,122018.7,0.90593673,26
2025-10-09 07:11:00,122024.4,122024.4,122024.4,122024.4,122024.4,0.01191817,5
2025-10-09 07:12:00,122024.4,122024.4,122024.3,122024.3,122024.3,0.01412203,3
2025-10-09 07:13:00,122024.4,122024.4,122024.3,122024.4,122024.3,0.04252446,9
2025-10-09 07:14:00,122024.4,122024.4,122024.3,122024.4,122024.3,0.04995868,6
2025-10-09 07:15:00,122024.4,122024.4,122024.3,122024.3,122024.3,0.01917866,10
2025-10-09 07:16:00,122024.4,122024.4,122024.3,122024.4,122024.3,0.02511587,13
2025-10-09 07:17:00,122024.4,122024.4,122024.4,122024.4,122024.4,0.03473979,6
2025-10-09 07:18:00,122024.3,122024.4,122024.3,122024.3,122024.3,0.07771914,9
2025-10-09 07:19:00,122024.3,122024.4,122024.3,122024.3,122024.3,0.01682915,10
2025-10-09 07:20:00,122024.4,122024.4,122024.3,122024.4,122024.3,0.01769507,14
2025-10-09 07:21:00,122024.4,122024.4,122024.4,122024.4,122024.4,0.00587797,9
2025-10-09 07:22:00,122024.4,122024.4,122024.3,122024.3,122024.3,0.09218386,16
2025-10-09 07:23:00,122024.3,122024.4,122000.0,122000.0,122002.5,1.41392413,44
2025-10-09 07:24:00,122000.1,122000.1,122000.0,122000.1,122000.0,0.02265298,8
2025-10-09 07:25:00,122000.0,122000.0,121924.0,121924.1,121939.9,0.66455901,45
2025-10-09 07:26:00,121924.0,121924.1,121924.0,121924.1,121924.0,0.00297294,8
2025-10-09 07:27:00,121924.0,121924.0,121887.0,121887.1,121902.5,0.29613621,31
2025-10-09 07:28:00,121887.0,121887.1,121884.2,121884.3,121885.9,0.01170227,13
2025-10-09 07:29:00,121884.3,121884.3,121884.2,121884.2,121884.2,0.0909801,10
2025-10-09 07:30:00,121884.3,121884.3,121873.7,121873.7,121875.7,0.16954686,18
2025-10-09 07:31:00,121873.0,121900.8,121873.0,121900.8,121873.8,2.06814852,16
2025-10-09 07:32:00,121900.7,121900.7,121876.3,121876.3,121876.4,0.03998506,18
2025-10-09 07:33:00,121880.0,121880.0,121879.9,121879.9,121879.9,0.33142834,8
2025-10-09 07:34:00,121880.0,121880.0,121879.9,121880.0,121879.9,0.11939011,12
2025-10-09 07:35:00,121880.0,121880.0,121879.9,121879.9,121879.9,0.08314088,21
2025-10-09 07:36:00,121879.9,121880.0,121879.9,121879.9,121879.9,0.01900257,9
2025-10-09 07:37:00,121879.9,121880.0,121876.3,121880.0,121878.4,0.00717582,15
2025-10-09 07:38:00,121880.0,121880.0,121879.9,121880.0,121879.9,0.0196137,12
2025-10-09 07:39:00,121879.9,121880.0,121879.9,121880.0,121879.9,0.01545707,16
2025-10-09 07:40:00,121879.9,121879.9,121850.0,121850.1,121866.5,0.06893524,44
2025-10-09 07:41:00,121850.0,121850.1,121850.0,121850.1,121850.0,0.1606962,8
2025-10-09 07:42:00,121850.1,121850.1,121850.1,121850.1,121850.1,0.0733049,3
2025-10-09 07:43:00,121850.1,121850.1,121850.0,121850.0,121850.0,0.00379009,8
2025-10-09 07:44:00,121850.1,121850.1,121850.0,121850.1,121850.0,0.70819114,37
2025-10-09 07:45:00,121850.0,121850.1,121850.0,121850.1,121850.0,3.42765622,28
2025-10-09 07:46:00,121850.0,121850.1,121850.0,121850.1,121850.0,0.01219725,7
2025-10-09 07:47:00,121850.1,121850.1,121850.0,121850.1,121850.0,0.21976195,12
2025-10-09 07:48:00,121859.9,121880.0,121859.9,121880.0,121874.9,0.01989193,21
2025-10-09 07:49:00,121880.0,121880.0,121879.9,121880.0,121879.9,0.02480636,14
2025-10-09 07:50:00,121880.0,121947.0,121880.0,121947.0,121894.3,0.46826373,42
2025-10-09 07:51:00,121947.0,121950.0,121947.0,121950.0,121949.1,0.02095921,14
2025-10-09 07:52:00,121950.0,121950.0,121950.0,121950.0,121950.0,0.00074461,4
2025-10-09 07:53:00,121950.0,121950.0,121949.9,121950.0,121949.9,0.51304287,12
2025-10-09 07:54:00,121950.0,121950.0,121950.0,121950.0,121950.0,0.00574006,1
2025-10-09 07:55:00,121950.0,121950.0,121949.9,121950.0,121949.9,0.01295145,7
2025-10-09 07:56:00,121950.0,121950.0,121949.9,121949.9,121949.9,0.00287077,6
2025-10-09 07:57:00,121949.9,121950.0,121949.9,121950.0,121949.9,0.01717177,7
2025-10-09 07:58:00,121950.0,121950.0,121949.9,121949.9,121949.9,0.3089343,46
2025-10-09 07:59:00,121950.0,121950.0,121947.1,121947.1,121949.5,1.80809292,34
2025-10-09 08:00:00,121947.1,121947.1,121947.0,121947.1,121947.0,0.05077885,19
2025-10-09 08:01:00,121947.1,121947.1,121947.0,121947.1,121947.0,0.00686104,5
2025-10-09 08:02:00,121947.1,121950.0,121947.0,121950.0,121949.8,0.46551508,20
2025-10-09 08:03:00,121950.0,121950.0,121950.0,121950.0,121950.0,0.00286687,4
2025-10-09 08:04:00,121949.9,121950.0,121949.9,121950.0,121949.9,0.01183563,3
2025-10-09 08:05:00,121950.0,121950.0,121946.7,121946.7,121947.3,0.06493388,23
2025-10-09 08:06:00,121932.0,121932.0,121850.0,121850.0,121855.3,0.95688943,35
2025-10-09 08:07:00,121850.0,121850.0,121850.0,121850.0,121850.0,0.00050121,2
2025-10-09 08:08:00,121850.1,121850.1,121850.0,121850.0,121850.0,0.18474339,11
2025-10-09 08:09:00,121850.0,121850.0,121780.0,121780.1,121806.7,8.19113222,93
2025-10-09 08:10:00,121780.1,121780.1,121780.0,121780.0,121780.0,0.16332498,16
2025-10-09 08:11:00,121780.1,121837.4,121780.0,121837.4,121805.3,0.10434364,37
2025-10-09 08:12:00,121840.0,121876.2,121840.0,121876.2,121858.8,0.07324382,25
2025-10-09 08:13:00,121874.2,121874.2,121863.4,121863.5,121873.3,0.00621941,12
2025-10-09 08:14:00,121863.5,121863.5,121842.0,121842.1,121860.9,0.19235961,26
2025-10-09 08:15:00,121842.0,121842.0,121618.5,121644.0,121698.3,8.33882048,120
2025-10-09 08:16:00,121644.0,121647.0,121619.8,121636.6,121627.7,4.4809654,40
2025-10-09 08:17:00,121636.7,121722.6,121636.7,121722.4,121683.2,0.20756788,59
2025-10-09 08:18:00,121722.5,121722.5,121636.6,121636.7,121665.2,0.10107243,30
2025-10-09 08:19:00,121636.7,121636.7,121634.3,121635.0,121634.9,4.02638066,24
2025-10-09 08:20:00,121635.1,121635.1,121591.4,121591.4,121602.1,0.85382831,71
2025-10-09 08:21:00,121591.4,121625.3,121575.4,121625.3,121595.1,0.15131765,65
2025-10-09 08:22:00,121625.3,121652.0,121555.0,121555.0,121600.2,0.14749528,56
2025-10-09 08:23:00,121555.1,121555.1,121552.9,121554.4,121554.8,0.02702119,16
2025-10-09 08:24:00,121554.3,121554.4,121552.1,121552.2,121554.1,0.43488042,23
2025-10-09 08:25:00,121552.2,121552.2,121498.0,121498.0,121504.2,4.57102017,142
2025-10-09 08:26:00,121497.9,121498.0,121425.2,121425.3,121430.5,10.83238306,102
2025-10-09 08:27:00,121423.9,121423.9,121350.9,121372.2,121384.4,19.48145619,139
2025-10-09 08:28:00,121371.8,121371.8,121299.9,121300.0,121307.3,2.58569253,73
2025-10-09 08:29:00,121300.0,121300.0,121284.1,121284.1,121297.7,5.61054185,42
2025-10-09 08:30:00,121284.1,121309.9,121196.0,121309.9,121222.5,6.99138673,136
2025-10-09 08:31:00,121320.0,121360.4,121320.0,121360.3,121329.3,0.0698723,27
2025-10-09 08:32:00,121360.4,121372.4,121360.4,121372.4,121366.3,0.08648767,22
2025-10-09 08:33:00,121372.4,121456.8,121372.3,121456.8,121417.1,0.66526424,83
2025-10-09 08:34:00,121460.1,121500.0,121460.1,121499.9,121495.8,0.37848552,30
2025-10-09 08:35:00,121500.0,121616.8,121499.9,121616.8,121599.2,10.00564433,59
2025-10-09 08:36:00,121612.2,121612.2,121612.1,121612.1,121612.1,0.02561788,17
2025-10-09 08:37:00,121612.2,121616.9,121612.2,121615.9,121615.7,0.03977412,22
2025-10-09 08:38:00,121615.9,121615.9,121557.1,121557.1,121590.8,0.08240883,40
2025-10-09 08:39:00,121557.1,121557.1,121542.1,121542.1,121556.6,0.01182809,13
2025-10-09 08:40:00,121542.0,121542.0,121325.4,121331.4,121333.7,6.69430016,89
2025-10-09 08:41:00,121331.5,121395.3,121331.4,121395.2,121340.1,2.18801747,25
2025-10-09 08:42:00,121395.3,121395.3,121395.2,121395.3,121395.2,0.06612165,7
2025-10-09 08:43:00,121395.3,121395.3,121362.1,121362.1,121387.6,0.70700705,36
2025-10-09 08:44:00,121362.1,121362.2,121362.1,121362.1,121362.1,0.07793652,11
2025-10-09 08:45:00,121362.2,121389.7,121362.1,121389.7,121367.5,0.07543687,22
2025-10-09 08:46:00,121389.6,121430.6,121389.6,121400.8,121416.4,10.88809718,53
2025-10-09 08:47:00,121400.8,121481.6,121400.7,121470.0,121425.5,0.06640645,27
2025-10-09 08:48:00,121470.1,121481.7,121470.1,121474.2,121477.4,0.21551152,24
2025-10-09 08:49:00,121474.2,121474.2,121469.7,121469.7,121472.8,0.05249913,11
2025-10-09 08:50:00,121469.6,121469.6,121421.5,121421.6,121422.3,0.02278831,18
2025-10-09 08:51:00,121421.6,121421.6,121376.3,121376.3,121411.6,0.06792809,40
2025-10-09 08:52:00,121370.0,121370.0,121172.7,121172.7,121208.7,2.17829998,80
2025-10-09 08:53:00,121180.5,121180.5,121160.1,121179.9,121171.8,0.4870758,31
2025-10-09 08:54:00,121180.0,121210.1,121179.9,121210.1,121180.5,1.03429847,33
2025-10-09 08:55:00,121203.7,121203.7,121192.1,121192.1,121196.1,2.05285932,11
2025-10-09 08:56:00,121197.9,121238.6,121197.9,121238.6,121203.4,0.02710475,15
2025-10-09 08:57:00,121240.0,121364.7,121240.0,121364.7,121329.1,0.39753512,56
2025-10-09 08:58:00,121362.1,121362.1,121293.6,121297.4,121301.0,0.12208674,29
2025-10-09 08:59:00,121297.5,121297.5,121268.6,121268.6,121272.6,10.18049823,29
2025-10-09 09:00:00,121266.2,121375.3,121266.2,121375.3,121279.8,10.91623261,75
2025-10-09 09:01:00,121375.3,121450.4,121375.2,121450.3,121426.2,13.16088883,79
2025-10-09 09:02:00,121450.4,121514.9,121450.0,121514.9,121450.9,10.26239854,56
2025-10-09 09:03:00,121514.9,121514.9,121514.8,121514.8,121514.8,0.00774581,16
2025-10-09 09:04:00,121514.9,121514.9,121514.8,121514.9,121514.8,0.02032677,9
2025-10-09 09:05:00,121514.9,121529.2,121514.9,121529.2,121526.5,0.02012932,21
2025-10-09 09:06:00,121529.1,121576.0,121529.1,121575.9,121538.6,1.02879134,76
2025-10-09 09:07:00,121576.0,121611.5,121576.0,121611.5,121583.8,0.13108636,55
2025-10-09 09:08:00,121611.5,121616.5,121611.4,121616.5,121615.0,0.04283194,18
2025-10-09 09:09:00,121619.3,121653.0,121619.3,121640.1,121647.7,0.26709598,37
2025-10-09 09:10:00,121640.1,121640.1,121626.1,121626.2,121626.1,0.687747,37
2025-10-09 09:11:00,121626.1,121626.2,121626.1,121626.2,121626.1,0.04499084,8
2025-10-09 09:12:00,121626.2,121626.2,121590.5,121590.5,121607.0,0.51086894,39
2025-10-09 09:13:00,121590.5,121626.1,121590.5,121626.1,121600.3,0.04569396,19
2025-10-09 09:14:00,121626.1,121626.1,121625.7,121625.7,121626.0,0.34946004,22
2025-10-09 09:15:00,121625.8,121625.8,121625.7,121625.8,121625.7,0.05549173,14
2025-10-09 09:16:00,121625.7,121625.7,121618.9,121623.1,121625.2,0.08815106,18
2025-10-09 09:17:00,121623.2,121625.0,121618.0,121618.0,121624.7,0.00594897,9
2025-10-09 09:18:00,121618.1,121618.1,121614.3,121614.4,121617.7,0.08332575,19
2025-10-09 09:19:00,121614.3,121614.4,121610.1,121610.1,121614.3,0.02917215,12
2025-10-09 09:20:00,121607.0,121619.0,121577.6,121618.9,121612.1,6.02475228,45
2025-10-09 09:21:00,121619.0,121619.0,121619.0,121619.0,121619.0,0.00764654,3
2025-10-09 09:22:00,121618.9,121698.9,121618.9,121698.8,121649.1,0.16478635,53
2025-10-09 09:23:00,121698.9,121698.9,121698.8,121698.9,121698.8,0.03189287,14
2025-10-09 09:24:00,121698.8,121698.8,121610.0,121610.1,121626.5,0.16961599,43
2025-10-09 09:25:00,121610.0,121610.1,121610.0,121610.0,121610.0,0.0038135,4
2025-10-09 09:26:00,121610.0,121644.1,121610.0,121644.1,121615.6,0.00932543,17
2025-10-09 09:27:00,121644.0,121668.3,121643.9,121668.3,121644.4,0.02290504,24
2025-10-09 09:28:00,121668.5,121668.6,121668.5,121668.5,121668.5,0.01014076,10
2025-10-09 09:29:00,121668.5,121692.4,121668.5,121692.4,121672.5,0.01566725,22
2025-10-09 09:30:00,121692.3,121724.4,121692.3,121724.4,121692.9,1.67274578,32
2025-10-09 09:31:00,121724.4,121748.2,121724.3,121748.2,121729.2,0.02601774,19
2025-10-09 09:32:00,121748.2,121771.4,121748.2,121771.4,121752.4,0.05509422,15
2025-10-09 09:33:00,121771.1,121771.1,121707.7,121707.8,121713.0,5.00147432,23
2025-10-09 09:34:00,121707.8,121748.1,121696.7,121748.1,121708.7,0.04244315,32
2025-10-09 09:35:00,121748.2,121748.2,121748.1,121748.1,121748.1,0.02410058,10
2025-10-09 09:36:00,121748.1,121748.2,121748.1,121748.2,121748.1,0.00922325,4
2025-10-09 09:37:00,121748.2,121771.4,121748.1,121771.4,121761.9,0.01735557,20
2025-10-09 09:38:00,121771.3,121771.4,121771.3,121771.4,121771.3,0.0018128,7
2025-10-09 09:39:00,121771.4,121771.4,121757.0,121757.1,121758.6,1.6811622,24
2025-10-09 09:40:00,121757.1,121757.1,121757.0,121757.0,121757.0,0.00190169,12
2025-10-09 09:41:00,121757.1,121757.1,121757.0,121757.1,121757.0,0.01519607,12
2025-10-09 09:42:00,121757.1,121770.0,121757.0,121770.0,121761.8,0.01985486,22
2025-10-09 09:43:00,121770.0,121775.1,121770.0,121775.1,121772.0,0.01005782,8
2025-10-09 09:44:00,121775.1,121775.1,121757.1,121757.1,121775.0,0.12533107,19
2025-10-09 09:45:00,121757.0,121757.0,121668.5,121668.6,121705.9,0.12311341,33
2025-10-09 09:46:00,121668.6,121699.9,121668.6,121699.9,121689.8,0.01219142,11
2025-10-09 09:47:00,121699.9,121699.9,121699.8,121699.9,121699.8,0.00634222,9
2025-10-09 09:48:00,121699.9,121709.9,121699.9,121709.9,121709.7,0.43367061,12
2025-10-09 09:49:00,121709.9,121717.8,121709.9,121717.8,121714.3,0.01099141,8
2025-10-09 09:50:00,121717.8,121741.6,121717.8,121741.6,121729.4,0.04198512,28
2025-10-09 09:51:00,121741.6,121782.4,121741.5,121781.8,121772.0,0.05072578,26
2025-10-09 09:52:00,121781.8,121787.4,121781.8,121787.4,121786.9,0.01475594,9
2025-10-09 09:53:00,121787.4,121798.9,121787.4,121798.9,121794.8,0.03334444,16
2025-10-09 09:54:00,121798.9,121809.3,121798.9,121809.3,121808.6,0.09021268,21
2025-10-09 09:55:00,121809.3,121809.3,121809.2,121809.3,121809.2,0.05326576,8
2025-10-09 09:56:00,121809.3,121828.8,121809.2,121828.8,121816.5,0.04746457,23
2025-10-09 09:57:00,121829.9,121830.0,121829.9,121830.0,121829.9,0.00856834,6
2025-10-09 09:58:00,121832.5,121848.9,121832.5,121848.8,121848.4,0.1709227,23
2025-10-09 09:59:00,121848.9,121848.9,121848.8,121848.8,121848.8,0.00185358,5
2025-10-09 10:00:00,121848.9,121848.9,121848.8,121848.9,121848.8,0.02432839,26
2025-10-09 10:01:00,121848.8,121848.9,121848.8,121848.9,121848.8,0.0305126,11
2025-10-09 10:02:00,121848.9,121848.9,121848.9,121848.9,121848.9,0.02521865,6
2025-10-09 10:03:00,121848.9,121871.3,121848.8,121871.3,121851.2,0.10975252,20
2025-10-09 10:04:00,121871.3,121896.8,121871.3,121896.8,121894.0,0.04977682,12
2025-10-09 10:05:00,121896.8,121896.8,121896.7,121896.7,121896.7,0.02910917,3
2025-10-09 10:06:00,121896.7,121896.8,121896.7,121896.8,121896.7,0.10790966,6
2025-10-09 10:07:00,121896.8,121896.8,121896.7,121896.8,121896.7,0.73013033,7
2025-10-09 10:08:00,121896.7,121896.8,121896.7,121896.8,121896.7,4.01307086,29
2025-10-09 10:09:00,121896.7,121896.8,121896.7,121896.8,121896.7,0.02828654,14
2025-10-09 10:10:00,121896.8,121896.8,121896.8,121896.8,121896.8,3.61737604,38
2025-10-09 10:11:00,121896.7,121896.8,121896.7,121896.8,121896.7,0.00362339,9
2025-10-09 10:12:00,121896.7,121896.8,121896.7,121896.8,121896.7,0.00085363,5
2025-10-09 10:13:00,121896.8,121896.8,121881.2,121881.3,121882.6,0.22407658,15
2025-10-09 10:14:00,121881.3,121888.1,121881.3,121888.1,121887.9,0.00897135,6
2025-10-09 10:15:00,121888.0,121888.1,121888.0,121888.1,121888.0,0.01193359,6
2025-10-09 10:16:00,121888.0,121888.1,121888.0,121888.1,121888.0,0.01464093,6
2025-10-09 10:17:00,121888.1,121888.1,121888.1,121888.1,121888.1,0.00186064,5
2025-10-09 10:18:00,121888.0,121888.1,121809.2,121809.3,121842.6,2.09284019,58
2025-10-09 10:19:00,121809.3,121809.3,121789.9,121790.0,121807.0,0.88513186,22
2025-10-09 10:20:00,121790.0,121790.0,121789.9,121790.0,121789.9,0.00107491,8
2025-10-09 10:21:00,121790.0,121790.0,121789.9,121789.9,121789.9,0.00634621,10
2025-10-09 10:22:00,121790.0,121790.0,121789.9,121789.9,121789.9,0.12584225,24
2025-10-09 10:23:00,121790.0,121793.4,121789.9,121793.4,121790.6,0.07308458,25
2025-10-09 10:24:00,121793.4,121800.0,121793.3,121800.0,121793.5,0.00924633,8
2025-10-09 10:25:00,121800.0,121800.0,121799.9,121800.0,121799.9,0.00586121,15
2025-10-09 10:26:00,121799.9,121799.9,121728.9,121728.9,121753.5,0.15175524,38
2025-10-09 10:27:00,121729.0,121740.0,121728.9,121729.1,121736.2,19.66404752,33
2025-10-09 10:28:00,121740.0,121740.0,121739.9,121740.0,121739.9,0.07494101,17
2025-10-09 10:29:00,121740.0,121779.5,121740.0,121779.4,121768.7,13.91550854,47
2025-10-09 10:30:00,121779.4,121787.6,121779.3,121787.5,121784.9,0.04125875,25
2025-10-09 10:31:00,121787.6,121833.8,121787.6,121833.8,121805.0,0.03506595,27
2025-10-09 10:32:00,121833.9,121911.4,121833.9,121911.4,121894.1,2.11593539,56
2025-10-09 10:33:00,121911.4,121950.0,121911.4,121950.0,121946.4,0.71912584,36
2025-10-09 10:34:00,121950.0,121974.8,121950.0,121974.7,121950.0,9.50193274,51
2025-10-09 10:35:00,121974.8,122000.0,121974.7,121999.9,121998.6,0.89390055,24
2025-10-09 10:36:00,122000.0,122025.8,121999.9,122025.8,122000.1,12.76427543,75
2025-10-09 10:37:00,122025.8,122048.9,122025.8,122048.8,122035.3,0.10526252,24
2025-10-09 10:38:00,122048.9,122048.9,122048.8,122048.8,122048.8,0.00740817,7
2025-10-09 10:39:00,122048.9,122157.3,122048.8,122126.3,122116.2,17.30907224,129
2025-10-09 10:40:00,122126.4,122196.4,122126.4,122196.3,122158.1,6.00776931,58
2025-10-09 10:41:00,122196.3,122248.4,122196.3,122248.4,122200.1,10.97134382,82
2025-10-09 10:42:00,122248.4,122337.9,122248.4,122317.8,122326.4,5.68250111,75
2025-10-09 10:43:00,122317.8,122317.8,122281.9,122282.0,122311.2,0.16021444,31
2025-10-09 10:44:00,122282.0,122295.6,122258.7,122258.7,122280.5,0.17374482,36
2025-10-09 10:45:00,122258.8,122258.8,122236.0,122236.0,122247.3,0.29385998,21
2025-10-09 10:46:00,122236.0,122260.2,122236.0,122246.4,122246.3,5.09656017,32
2025-10-09 10:47:00,122246.5,122254.3,122203.7,122254.3,122212.6,6.62739508,36
2025-10-09 10:48:00,122249.8,122267.7,122249.8,122267.7,122250.3,0.02365599,25
2025-10-09 10:49:00,122267.7,122267.7,122267.6,122267.6,122267.6,0.01690589,9
2025-10-09 10:50:00,122267.7,122267.7,122220.0,122220.0,122266.5,0.86793515,43
2025-10-09 10:51:00,122216.3,122216.3,122178.7,122178.7,122205.5,0.05523426,22
2025-10-09 10:52:00,122178.8,122178.8,122178.6,122178.6,122178.6,0.10536303,6
2025-10-09 10:53:00,122175.1,122175.1,122175.0,122175.1,122175.0,0.00466975,11
2025-10-09 10:54:00,122175.1,122175.1,122175.0,122175.1,122175.0,0.02357734,11
2025-10-09 10:55:00,122175.1,122175.1,122175.0,122175.0,122175.0,0.15319749,13
2025-10-09 10:56:00,122175.1,122214.0,122175.0,122214.0,122184.3,0.35911504,19
2025-10-09 10:57:00,122214.0,122214.4,122213.9,122214.0,122214.1,0.07037792,16
2025-10-09 10:58:00,122214.0,122218.3,122213.9,122218.3,122215.7,4.02619421,41
2025-10-09 10:59:00,122218.3,122218.3,122173.9,122214.0,122184.5,0.21937463,24
2025-10-09 11:00:00,122214.0,122280.5,122213.9,122280.5,122236.7,0.78611398,52
2025-10-09 11:01:00,122278.5,122377.7,122278.4,122377.7,122341.6,0.56009552,88
2025-10-09 11:02:00,122377.6,122377.7,122348.8,122348.8,122377.4,0.05977857,23
2025-10-09 11:03:00,122348.9,122348.9,122348.8,122348.9,122348.8,0.00640637,9
2025-10-09 11:04:00,122348.9,122348.9,122348.8,122348.9,122348.8,0.01098622,8
2025-10-09 11:05:00,122348.9,122348.9,122279.2,122288.0,122309.1,11.78727136,73
2025-10-09 11:06:00,122288.1,122288.1,122288.0,122288.0,122288.0,0.47228835,13
2025-10-09 11:07:00,122288.1,122288.1,122284.4,122284.4,122287.9,0.05913316,13
2025-10-09 11:08:00,122284.4,122284.4,122270.0,122270.0,122284.1,0.2030531,20
2025-10-09 11:09:00,122263.0,122263.0,122262.9,122263.0,122262.9,0.00076132,5
2025-10-09 11:10:00,122262.9,122263.0,122262.9,122263.0,122262.9,0.08106433,13
2025-10-09 11:11:00,122263.0,122263.0,122262.9,122263.0,122262.9,0.08095724,19
2025-10-09 11:12:00,122263.0,122263.0,122262.9,122263.0,122262.9,0.00696066,11
2025-10-09 11:13:00,122263.0,122263.0,122262.9,122263.0,122262.9,0.02082271,11
2025-10-09 11:14:00,122263.0,122263.0,122262.9,122262.9,122262.9,0.00571343,7
2025-10-09 11:15:00,122263.0,122263.0,122262.9,122263.0,122262.9,0.0594795,12
2025-10-09 11:16:00,122263.0,122290.6,122263.0,122290.5,122288.8,1.15082436,29
2025-10-09 11:17:00,122290.6,122294.0,122290.6,122293.9,122291.8,0.06753662,15
2025-10-09 11:18:00,122294.0,122294.0,122293.9,122294.0,122293.9,0.01352269,8
2025-10-09 11:19:00,122294.0,122448.8,122293.9,122448.8,122356.9,1.5461848,82
2025-10-09 11:20:00,122448.9,122536.6,122448.8,122536.6,122493.8,0.70200522,60
2025-10-09 11:21:00,122536.6,122656.8,122536.6,122652.9,122633.5,9.90248038,136
2025-10-09 11:22:00,122652.9,122652.9,122652.8,122652.8,122652.8,5.82877079,31
2025-10-09 11:23:00,122652.9,122727.2,122652.8,122717.5,122707.9,0.86864347,64
2025-10-09 11:24:00,122717.4,122717.5,122717.4,122717.5,122717.4,0.00332258,10
2025-10-09 11:25:00,122717.5,122737.4,122717.5,122724.8,122729.2,0.18944986,34
2025-10-09 11:26:00,122724.8,122750.1,122718.8,122750.0,122722.2,1.22691872,58
2025-10-09 11:27:00,122750.1,122750.1,122750.0,122750.1,122750.0,0.17454191,18
2025-10-09 11:28:00,122750.1,122750.1,122750.0,122750.1,122750.0,1.53714766,16
2025-10-09 11:29:00,122750.0,122750.1,122750.0,122750.1,122750.0,0.00197092,8
2025-10-09 11:30:00,122750.1,122750.1,122720.7,122720.7,122742.6,0.02041768,24
2025-10-09 11:31:00,122720.7,122720.8,122703.8,122703.8,122718.1,0.06779216,18
2025-10-09 11:32:00,122703.9,122703.9,122701.0,122701.1,122701.8,0.07293172,15
2025-10-09 11:33:00,122701.0,122711.4,122701.0,122711.3,122702.2,0.04269936,23
2025-10-09 11:34:00,122711.4,122719.9,122711.3,122711.3,122711.4,0.01450052,22
2025-10-09 11:35:00,122711.4,122711.4,122711.3,122711.4,122711.3,0.06403752,20
2025-10-09 11:36:00,122711.7,122711.7,122711.6,122711.7,122711.6,0.00676609,8
2025-10-09 11:37:00,122715.1,122719.2,122715.1,122719.2,122716.6,0.00715566,17
2025-10-09 11:38:00,122719.2,122735.5,122719.2,122735.4,122724.3,0.02691805,19
2025-10-09 11:39:00,122735.5,122868.6,122735.4,122868.6,122824.6,1.56529052,93
2025-10-09 11:40:00,122807.4,122877.8,122807.3,122876.5,122859.2,0.41995661,31
2025-10-09 11:41:00,122872.7,122872.8,122872.7,122872.8,122872.7,0.00738639,14
2025-10-09 11:42:00,122872.7,122872.8,122872.7,122872.8,122872.7,0.0661777,14
2025-10-09 11:43:00,122872.8,122872.8,122851.3,122851.4,122870.1,0.06341489,10
2025-10-09 11:44:00,122851.4,122855.1,122851.3,122854.7,122854.6,3.1205367,25
2025-10-09 11:45:00,122854.7,122854.7,122854.6,122854.6,122854.6,0.16857165,19
2025-10-09 11:46:00,122854.6,122854.7,122854.6,122854.6,122854.6,0.09621921,9
2025-10-09 11:47:00,122854.7,122854.7,122763.8,122770.1,122780.4,1.12304846,65
2025-10-09 11:48:00,122770.2,122770.2,122770.1,122770.1,122770.1,0.03986995,9
2025-10-09 11:49:00,122770.1,122819.8,122770.1,122819.8,122808.9,0.09739891,32
2025-10-09 11:50:00,122819.7,122819.8,122816.1,122816.1,122816.8,0.14439447,12
2025-10-09 11:51:00,122816.0,122816.0,122738.0,122738.0,122745.0,1.52453386,35
2025-10-09 11:52:00,122738.0,122759.8,122738.0,122759.7,122741.5,0.04879699,31
2025-10-09 11:53:00,122759.7,122759.8,122759.7,122759.8,122759.7,0.54766152,11
2025-10-09 11:54:00,122759.8,122759.8,122759.7,122759.8,122759.7,0.18371601,21
2025-10-09 11:55:00,122759.8,122760.0,122759.7,122760.0,122759.7,0.21587962,22
2025-10-09 11:56:00,122763.4,122793.6,122763.4,122793.5,122785.8,0.09850622,23
2025-10-09 11:57:00,122793.6,122793.6,122793.5,122793.5,122793.5,0.00510504,14
2025-10-09 11:58:00,122793.6,122810.4,122793.5,122810.4,122807.8,0.01915341,19
2025-10-09 11:59:00,122810.4,122810.4,122810.4,122810.4,0.0,0.0,0
